{
  "timestamp": "2025-03-13_12-19-45",
  "model_name": "logreg",
  "parameters": {
    "class_weight": "balanced",
    "max_iter": 1000,
    "C": 0.1,
    "solver": "lbfgs",
    "feature_weights": {
      "title_weight": 0.7,
      "article_weight": 0.3
    }
  },
  "evaluation_results": {
    "training": {
      "balanced_accuracy": 0.7527874154845455,
      "macro_precision": 0.7240507637697565,
      "macro_recall": 0.7527874154845455,
      "macro_f1": 0.7314686949532846,
      "class_metrics": {
        "0": {
          "precision": 0.7860922146636432,
          "recall": 0.7607900512070227,
          "f1-score": 0.7732342007434945,
          "support": 1367
        },
        "1": {
          "precision": 0.8079350766456267,
          "recall": 0.7032967032967034,
          "f1-score": 0.7519932857742342,
          "support": 1274
        },
        "2": {
          "precision": 0.578125,
          "recall": 0.7942754919499105,
          "f1-score": 0.6691785983421251,
          "support": 559
        }
      }
    },
    "validation": {
      "balanced_accuracy": 0.503065980093884,
      "macro_precision": 0.4824705558791173,
      "macro_recall": 0.503065980093884,
      "macro_f1": 0.48377116155726857,
      "class_metrics": {
        "0": {
          "precision": 0.5676567656765676,
          "recall": 0.5134328358208955,
          "f1-score": 0.5391849529780565,
          "support": 335
        },
        "1": {
          "precision": 0.5330882352941176,
          "recall": 0.4503105590062112,
          "f1-score": 0.4882154882154882,
          "support": 322
        },
        "2": {
          "precision": 0.3466666666666667,
          "recall": 0.5454545454545454,
          "f1-score": 0.42391304347826086,
          "support": 143
        }
      }
    }
  }
}