{
  "timestamp": "2025-03-13_09-58-02",
  "model": "LogisticRegression",
  "parameters": {
    "C": 1.0,
    "max_iter": 1000,
    "solver": "lbfgs",
    "class_weight": "balanced",
    "random_state": 42,
    "n_jobs": -1
  },
  "training_metrics": {
    "accuracy": 0.9285463730413143,
    "precision_macro": 0.9007938470138425,
    "recall_macro": 0.9285463730413143,
    "f1_macro": 0.912064307713051,
    "precision_weighted": 0.9184701083042027,
    "recall_weighted": 0.9146875,
    "f1_weighted": 0.9149894390410626,
    "precision_class_0": 0.9441860465116279,
    "recall_class_0": 0.8910021945866862,
    "f1_class_0": 0.9168234851336093,
    "precision_class_1": 0.9308681672025724,
    "recall_class_1": 0.9089481946624803,
    "f1_class_1": 0.9197776012708498,
    "precision_class_2": 0.8273273273273273,
    "recall_class_2": 0.9856887298747764,
    "f1_class_2": 0.8995918367346939
  },
  "validation_metrics": {
    "accuracy": 0.5431625480295176,
    "precision_macro": 0.5370292017454296,
    "recall_macro": 0.5431625480295176,
    "f1_macro": 0.5393384005876816,
    "precision_weighted": 0.5570370073231741,
    "recall_weighted": 0.55375,
    "f1_weighted": 0.5546934852207711,
    "precision_class_0": 0.6006493506493507,
    "recall_class_0": 0.5522388059701493,
    "f1_class_0": 0.5754276827371695,
    "precision_class_1": 0.5582089552238806,
    "recall_class_1": 0.5807453416149069,
    "f1_class_1": 0.5692541856925418,
    "precision_class_2": 0.45222929936305734,
    "recall_class_2": 0.4965034965034965,
    "f1_class_2": 0.47333333333333333
  }
}