{
  "timestamp": "2025-03-13_11-15-14",
  "parameters": {
    "max_vocab": 20000,
    "max_len": 100,
    "embed_dim": 300,
    "hidden_dim": 128,
    "batch_size": 32,
    "learning_rate": 0.0003,
    "num_epochs": 15,
    "weight_decay": 0.0008,
    "dropout_rate": 0.65
  },
  "evaluation_results": {
    "balanced_accuracy": 0.5288334421364921,
    "precision_weighted": 0.5773063825393517,
    "recall_weighted": 0.565,
    "f1_weighted": 0.5609424799569389,
    "f1_class_0": 0.5778443113772455,
    "f1_class_1": 0.5794655414908579,
    "f1_class_2": 0.4796380090497738
  }
}