{
  "timestamp": "2025-03-12_21-13-28",
  "parameters": {
    "model_name": "answerdotai/ModernBERT-base",
    "max_length": 64,
    "batch_size": 32,
    "learning_rate": 8e-05,
    "num_epochs": 1,
    "weight_decay": 0.01,
    "warmup_ratio": 0.05
  },
  "evaluation_results": {
    "eval_loss": 0.9000939726829529,
    "eval_balanced_accuracy": 0.48365225516426036,
    "eval_precision_weighted": 0.630617277425417,
    "eval_recall_weighted": 0.5675,
    "eval_f1_weighted": 0.5364543048499875,
    "eval_f1_class_0": 0.6055312954876274,
    "eval_f1_class_1": 0.6090425531914894,
    "eval_f1_class_2": 0.2111801242236025,
    "eval_runtime": 66.882,
    "eval_samples_per_second": 11.961,
    "eval_steps_per_second": 0.374,
    "epoch": 1.0
  }
}