{
  "timestamp": "2025-03-12_12-58-00",
  "parameters": {
    "model_name": "answerdotai/ModernBERT-base",
    "max_length": 128,
    "batch_size": 16,
    "learning_rate": 8e-05,
    "num_epochs": 3,
    "weight_decay": 0.01,
    "warmup_ratio": 0.05
  },
  "evaluation_results": {
    "eval_loss": 0.914033830165863,
    "eval_balanced_accuracy": 0.6785426989190779,
    "eval_precision_weighted": 0.6956307656508549,
    "eval_recall_weighted": 0.695,
    "eval_f1_weighted": 0.6952894934430205,
    "eval_f1_class_0": 0.7275449101796407,
    "eval_f1_class_1": 0.7040498442367601,
    "eval_f1_class_2": 0.6,
    "eval_runtime": 124.3121,
    "eval_samples_per_second": 6.435,
    "eval_steps_per_second": 0.402,
    "epoch": 3.0
  }
}