{
  "timestamp": "2025-03-12_22-18-14",
  "parameters": {
    "model_name": "answerdotai/ModernBERT-base",
    "max_length": 64,
    "batch_size": 32,
    "learning_rate": 8e-05,
    "num_epochs": 1,
    "weight_decay": 0.01,
    "warmup_ratio": 0.05
  },
  "evaluation_results": {
    "eval_loss": 0.828980565071106,
    "eval_balanced_accuracy": 0.5671295176811075,
    "eval_precision_weighted": 0.6625034962791893,
    "eval_recall_weighted": 0.61875,
    "eval_f1_weighted": 0.6105456945398351,
    "eval_f1_class_0": 0.6536458333333334,
    "eval_f1_class_1": 0.609105180533752,
    "eval_f1_class_2": 0.5128205128205128,
    "eval_runtime": 66.198,
    "eval_samples_per_second": 12.085,
    "eval_steps_per_second": 0.378,
    "epoch": 1.0
  }
}