{
  "timestamp": "2025-03-12_23-52-43",
  "parameters": {
    "model_name": "answerdotai/ModernBERT-base",
    "max_length": 128,
    "batch_size": 16,
    "learning_rate": 8e-05,
    "num_epochs": 3,
    "weight_decay": 0.01,
    "warmup_ratio": 0.05
  },
  "evaluation_results": {
    "eval_loss": 0.9636938571929932,
    "eval_balanced_accuracy": 0.6767174205850389,
    "eval_precision_weighted": 0.6997240184859156,
    "eval_recall_weighted": 0.70125,
    "eval_f1_weighted": 0.6997273461016736,
    "eval_f1_class_0": 0.7420289855072464,
    "eval_f1_class_1": 0.6947040498442367,
    "eval_f1_class_2": 0.6119402985074627,
    "eval_runtime": 135.5769,
    "eval_samples_per_second": 5.901,
    "eval_steps_per_second": 0.369,
    "epoch": 3.0
  }
}