{
    "timestamp": "2025-03-13_14_53_44",
    "parameters": {
        "model_name": "answerdotai/ModernBERT-base",
        "max_length": 128,
        "batch_size": 16,
        "learning_rate": 8e-05,
        "num_epochs": 4,
        "weight_decay": 0.01,
        "warmup_ratio": 0.05
    },
    "evaluation_results": {
        "eval_loss": 1.0682613849639893,
        "eval_balanced_accuracy": 0.6549267950306237,
        "eval_precision_weighted": 0.6730556286954915,
        "eval_recall_weighted": 0.6725,
        "eval_f1_weighted": 0.6717076301496944,
        "eval_f1_class_0": 0.6928675400291121,
        "eval_f1_class_1": 0.6676923076923077,
        "eval_f1_class_2": 0.6311787072243346,
        "eval_runtime": 132.3353,
        "eval_samples_per_second": 6.045,
        "eval_steps_per_second": 0.378,
        "epoch": 4
    }
}