{
  "timestamp": "2025-03-12_21-35-22",
  "parameters": {
    "model_name": "answerdotai/ModernBERT-base",
    "max_length": 64,
    "batch_size": 32,
    "learning_rate": 8e-05,
    "num_epochs": 1,
    "weight_decay": 0.01,
    "warmup_ratio": 0.05
  },
  "evaluation_results": {
    "eval_loss": 0.8788589239120483,
    "eval_balanced_accuracy": 0.5860743193643907,
    "eval_precision_weighted": 0.6026896282659117,
    "eval_recall_weighted": 0.5975,
    "eval_f1_weighted": 0.595580917597393,
    "eval_f1_class_0": 0.5825242718446602,
    "eval_f1_class_1": 0.6227208976157083,
    "eval_f1_class_2": 0.5650557620817844,
    "eval_runtime": 66.0824,
    "eval_samples_per_second": 12.106,
    "eval_steps_per_second": 0.378,
    "epoch": 1.0
  }
}