{
  "timestamp": "2025-03-13_13-07-03",
  "parameters": {
    "model_name": "answerdotai/ModernBERT-base",
    "max_length": 64,
    "batch_size": 32,
    "learning_rate": 5e-05,
    "num_epochs": 1,
    "weight_decay": 0.01,
    "warmup_ratio": 0.05
  },
  "evaluation_results": {
    "eval_loss": 0.934491753578186,
    "eval_balanced_accuracy": 0.4868464436277544,
    "eval_precision_weighted": 0.603856025223309,
    "eval_recall_weighted": 0.5675,
    "eval_f1_weighted": 0.5372711765443827,
    "eval_f1_class_0": 0.5769805680119582,
    "eval_f1_class_1": 0.6335078534031413,
    "eval_f1_class_2": 0.2275449101796407,
    "eval_runtime": 65.9105,
    "eval_samples_per_second": 12.138,
    "eval_steps_per_second": 0.379,
    "epoch": 1.0
  }
}