{
  "timestamp": "2025-03-13_04-30-17",
  "parameters": {
    "model_name": "answerdotai/ModernBERT-large",
    "max_length": 128,
    "batch_size": 16,
    "learning_rate": 8e-05,
    "num_epochs": 3,
    "weight_decay": 0.01,
    "warmup_ratio": 0.05
  },
  "evaluation_results": {
    "eval_loss": 0.9458187222480774,
    "eval_balanced_accuracy": 0.7066887687264067,
    "eval_precision_weighted": 0.7205444888482911,
    "eval_recall_weighted": 0.7175,
    "eval_f1_weighted": 0.7176865298989271,
    "eval_f1_class_0": 0.728414442700157,
    "eval_f1_class_1": 0.7402985074626866,
    "eval_f1_class_2": 0.6416382252559727,
    "eval_runtime": 403.5722,
    "eval_samples_per_second": 1.982,
    "eval_steps_per_second": 0.124,
    "epoch": 3.0
  }
}